open_timestamp_utc,close_timestamp_utc,open,high,low,close,volume
1560499200,1560502799,3.98e-06,3.98e-06,3.93e-06,3.95e-06,410000
1560502800,1560506399,3.95e-06,3.98e-06,3.93e-06,3.96e-06,310581
1560506400,1560509999,3.96e-06,3.95e-06,3.94e-06,3.95e-06,4111
1560510000,1560513599,3.95e-06,3.96e-06,3.94e-06,3.94e-06,84234
1560513600,1560517199,3.94e-06,3.95e-06,3.85e-06,3.85e-06,6912813
1560517200,1560520799,3.85e-06,3.86e-06,3.82e-06,3.82e-06,3645985
1560520800,1560524399,3.82e-06,3.84e-06,3.79e-06,3.8e-06,3790171
1560524400,1560527999,3.8e-06,3.8e-06,3.79e-06,3.8e-06,271552
1560528000,1560531599,3.8e-06,3.8e-06,3.78e-06,3.78e-06,1177800
1560531600,1560535199,3.78e-06,3.78e-06,3.77e-06,3.77e-06,617601
1560535200,1560538799,3.77e-06,3.77e-06,3.76e-06,3.77e-06,786762
1560538800,1560542399,3.77e-06,3.78e-06,3.76e-06,3.78e-06,907146
1560542400,1560545999,3.78e-06,3.8e-06,3.78e-06,3.79e-06,228334
1560546000,1560549599,3.79e-06,3.8e-06,3.76e-06,3.79e-06,1114082
1560549600,1560553199,3.79e-06,3.8e-06,3.78e-06,3.78e-06,1087412
1560553200,1560556799,3.78e-06,3.78e-06,3.78e-06,3.78e-06,52350
1560556800,1560560399,3.78e-06,3.86e-06,3.77e-06,3.86e-06,8987373
1560560400,1560563999,3.86e-06,3.86e-06,3.85e-06,3.86e-06,806518
1560564000,1560567599,3.86e-06,3.86e-06,3.83e-06,3.85e-06,548280
1560567600,1560571199,3.85e-06,3.84e-06,3.82e-06,3.82e-06,660060
1560571200,1560574799,3.82e-06,3.83e-06,3.81e-06,3.83e-06,111099
1560574800,1560578399,3.83e-06,3.84e-06,3.8e-06,3.82e-06,695718
1560578400,1560581999,3.82e-06,3.82e-06,3.81e-06,3.81e-06,799888
1560582000,1560585599,3.81e-06,3.82e-06,3.81e-06,3.81e-06,244862
1560585600,1560589199,3.81e-06,3.81e-06,3.8e-06,3.8e-06,354267
1560589200,1560592799,3.8e-06,3.81e-06,3.8e-06,3.8e-06,620002
1560592800,1560596399,3.8e-06,3.81e-06,3.81e-06,3.81e-06,10001
1560596400,1560599999,3.81e-06,3.81e-06,3.8e-06,3.8e-06,106001
1560600000,1560603599,3.8e-06,3.81e-06,3.8e-06,3.81e-06,45001
1560603600,1560607199,3.81e-06,3.81e-06,3.8e-06,3.81e-06,2625
1560607200,1560610799,3.81e-06,3.8e-06,3.8e-06,3.8e-06,31270
1560610800,1560614399,3.8e-06,3.81e-06,3.73e-06,3.77e-06,7084293
1560614400,1560617999,3.77e-06,3.81e-06,3.77e-06,3.8e-06,1153963
1560618000,1560621599,3.8e-06,3.81e-06,3.78e-06,3.79e-06,932227
1560621600,1560625199,3.79e-06,3.79e-06,3.78e-06,3.79e-06,6327
1560625200,1560628799,3.79e-06,3.79e-06,3.79e-06,3.79e-06,15000
1560628800,1560632399,3.79e-06,3.79e-06,3.78e-06,3.78e-06,656037
1560632400,1560635999,3.78e-06,3.79e-06,3.78e-06,3.78e-06,89001
1560636000,1560639599,3.78e-06,3.79e-06,3.79e-06,3.79e-06,28000
1560639600,1560643199,3.79e-06,3.79e-06,3.78e-06,3.78e-06,53486
1560643200,1560646799,3.78e-06,3.78e-06,3.78e-06,3.78e-06,6000
1560646800,1560650399,3.78e-06,3.78e-06,3.75e-06,3.75e-06,1249857
1560650400,1560653999,3.75e-06,3.76e-06,3.75e-06,3.75e-06,103
1560654000,1560657599,3.75e-06,3.76e-06,3.74e-06,3.74e-06,94524
1560657600,1560661199,3.74e-06,3.74e-06,3.71e-06,3.73e-06,2057451
1560661200,1560664799,3.73e-06,3.72e-06,3.67e-06,3.68e-06,7060229
1560664800,1560668399,3.68e-06,3.7e-06,3.65e-06,3.69e-06,9269083
1560668400,1560671999,3.69e-06,3.68e-06,3.66e-06,3.67e-06,252988
1560672000,1560675599,3.67e-06,3.71e-06,3.66e-06,3.7e-06,1440277
1560675600,1560679199,3.7e-06,3.73e-06,3.68e-06,3.72e-06,1712998
1560679200,1560682799,3.72e-06,3.71e-06,3.69e-06,3.7e-06,600922
1560682800,1560686399,3.7e-06,3.72e-06,3.7e-06,3.71e-06,3113020
1560686400,1560689999,3.71e-06,3.71e-06,3.7e-06,3.71e-06,167006
1560690000,1560693599,3.71e-06,3.71e-06,3.69e-06,3.69e-06,455103
1560693600,1560697199,3.69e-06,3.69e-06,3.63e-06,3.66e-06,3987484
1560697200,1560700799,3.66e-06,3.73e-06,3.63e-06,3.73e-06,748388
1560700800,1560704399,3.73e-06,3.77e-06,3.7e-06,3.74e-06,2348479
1560704400,1560707999,3.74e-06,3.75e-06,3.71e-06,3.75e-06,577203
1560708000,1560711599,3.75e-06,3.75e-06,3.72e-06,3.72e-06,217157
1560711600,1560715199,3.72e-06,3.77e-06,3.73e-06,3.77e-06,298485
1560715200,1560718799,3.77e-06,3.8e-06,3.76e-06,3.76e-06,1470503
1560718800,1560722399,3.76e-06,3.76e-06,3.74e-06,3.74e-06,51001
1560722400,1560725999,3.74e-06,3.73e-06,3.72e-06,3.72e-06,382829
1560726000,1560729599,3.72e-06,3.76e-06,3.73e-06,3.76e-06,964033
1560729600,1560733199,3.76e-06,3.77e-06,3.68e-06,3.71e-06,1246037
1560733200,1560736799,3.71e-06,3.71e-06,3.69e-06,3.7e-06,899380
1560736800,1560740399,3.7e-06,3.7e-06,3.69e-06,3.7e-06,1000876
1560740400,1560743999,3.7e-06,3.7e-06,3.7e-06,3.7e-06,24433
1560744000,1560747599,3.7e-06,3.7e-06,3.66e-06,3.68e-06,2939379
1560747600,1560751199,3.68e-06,3.69e-06,3.68e-06,3.68e-06,65350
1560751200,1560754799,3.68e-06,3.68e-06,3.65e-06,3.68e-06,678971
1560754800,1560758399,3.68e-06,3.69e-06,3.68e-06,3.68e-06,343259
1560758400,1560761999,3.68e-06,3.68e-06,3.67e-06,3.67e-06,333068
1560762000,1560765599,3.67e-06,3.7e-06,3.65e-06,3.7e-06,10456438
1560765600,1560769199,3.7e-06,3.69e-06,3.66e-06,3.67e-06,608778
1560769200,1560772799,3.67e-06,3.66e-06,3.64e-06,3.66e-06,1590685
1560772800,1560776399,3.66e-06,3.65e-06,3.64e-06,3.65e-06,747285
1560776400,1560779999,3.65e-06,3.66e-06,3.64e-06,3.66e-06,815696
1560780000,1560783599,3.66e-06,3.67e-06,3.66e-06,3.67e-06,230632
1560783600,1560787199,3.67e-06,3.7e-06,3.66e-06,3.7e-06,3044943
1560787200,1560790799,3.7e-06,3.7e-06,3.69e-06,3.7e-06,444358
1560790800,1560794399,3.7e-06,3.7e-06,3.69e-06,3.69e-06,502190
1560794400,1560797999,3.69e-06,3.71e-06,3.69e-06,3.71e-06,921718
1560798000,1560801599,3.71e-06,3.72e-06,3.68e-06,3.69e-06,1599273
1560801600,1560805199,3.69e-06,3.69e-06,3.68e-06,3.69e-06,897563
1560805200,1560808799,3.69e-06,3.74e-06,3.69e-06,3.74e-06,2433508
1560808800,1560812399,3.74e-06,3.74e-06,3.71e-06,3.72e-06,2486173
1560812400,1560815999,3.72e-06,3.72e-06,3.67e-06,3.69e-06,1831783
1560816000,1560819599,3.69e-06,3.71e-06,3.69e-06,3.71e-06,753734
1560819600,1560823199,3.71e-06,3.74e-06,3.7e-06,3.72e-06,1167762
1560823200,1560826799,3.72e-06,3.75e-06,3.72e-06,3.73e-06,1613055
1560826800,1560830399,3.73e-06,3.73e-06,3.72e-06,3.72e-06,619439
1560830400,1560833999,3.72e-06,3.73e-06,3.69e-06,3.71e-06,164110
1560834000,1560837599,3.71e-06,3.71e-06,3.69e-06,3.71e-06,106553
1560837600,1560841199,3.71e-06,3.71e-06,3.7e-06,3.71e-06,301594
1560841200,1560844799,3.71e-06,3.71e-06,3.67e-06,3.67e-06,558326
1560844800,1560848399,3.67e-06,3.68e-06,3.67e-06,3.68e-06,26160
1560848400,1560851999,3.68e-06,3.69e-06,3.68e-06,3.68e-06,336243
1560852000,1560855599,3.68e-06,3.68e-06,3.66e-06,3.66e-06,937831
1560855600,1560859199,3.66e-06,3.67e-06,3.66e-06,3.67e-06,1670002
1560859200,1560862799,3.67e-06,3.67e-06,3.66e-06,3.66e-06,173003
1560862800,1560866399,3.66e-06,3.69e-06,3.67e-06,3.68e-06,708290
1560866400,1560869999,3.68e-06,3.69e-06,3.67e-06,3.67e-06,260870
1560870000,1560873599,3.67e-06,3.69e-06,3.67e-06,3.69e-06,866711
1560873600,1560877199,3.69e-06,3.69e-06,3.66e-06,3.67e-06,463844
1560877200,1560880799,3.67e-06,3.69e-06,3.66e-06,3.69e-06,2057506
1560880800,1560884399,3.69e-06,3.68e-06,3.68e-06,3.68e-06,69117
1560884400,1560887999,3.68e-06,3.7e-06,3.69e-06,3.7e-06,421584
1560888000,1560891599,3.7e-06,3.7e-06,3.69e-06,3.69e-06,86009
1560891600,1560895199,3.69e-06,3.69e-06,3.69e-06,3.69e-06,130000
1560895200,1560898799,3.69e-06,3.71e-06,3.7e-06,3.71e-06,347331
1560898800,1560902399,3.71e-06,3.72e-06,3.69e-06,3.72e-06,1408947
1560902400,1560905999,3.72e-06,3.72e-06,3.69e-06,3.7e-06,244714
1560906000,1560909599,3.7e-06,3.7e-06,3.69e-06,3.69e-06,77856
1560909600,1560913199,3.69e-06,3.68e-06,3.67e-06,3.68e-06,770502
1560913200,1560916799,3.68e-06,3.68e-06,3.67e-06,3.68e-06,276768
1560916800,1560920399,3.68e-06,3.68e-06,3.67e-06,3.68e-06,9007
1560920400,1560923999,3.68e-06,3.68e-06,3.67e-06,3.67e-06,317201
1560924000,1560927599,3.67e-06,3.7e-06,3.68e-06,3.7e-06,796923
1560927600,1560931199,3.7e-06,3.75e-06,3.7e-06,3.74e-06,1309810
1560931200,1560934799,3.74e-06,3.75e-06,3.73e-06,3.73e-06,2112388
1560934800,1560938399,3.73e-06,3.74e-06,3.72e-06,3.73e-06,258675
1560938400,1560941999,3.73e-06,3.75e-06,3.72e-06,3.73e-06,1105983
1560942000,1560945599,3.73e-06,3.74e-06,3.73e-06,3.73e-06,5039
1560945600,1560949199,3.73e-06,3.74e-06,3.7e-06,3.72e-06,433095
1560949200,1560952799,3.72e-06,3.73e-06,3.71e-06,3.72e-06,380187
1560952800,1560956399,3.72e-06,3.79e-06,3.71e-06,3.78e-06,2067625
1560956400,1560959999,3.78e-06,3.78e-06,3.73e-06,3.74e-06,1282865
1560960000,1560963599,3.74e-06,3.78e-06,3.74e-06,3.74e-06,4355186
1560963600,1560967199,3.74e-06,3.75e-06,3.74e-06,3.74e-06,162705
1560967200,1560970799,3.74e-06,3.75e-06,3.74e-06,3.74e-06,357901
1560970800,1560974399,3.74e-06,3.75e-06,3.74e-06,3.74e-06,259233
1560974400,1560977999,3.74e-06,3.75e-06,3.74e-06,3.74e-06,277596
1560978000,1560981599,3.74e-06,3.74e-06,3.74e-06,3.74e-06,368461
1560981600,1560985199,3.74e-06,3.73e-06,3.66e-06,3.66e-06,10641848
1560985200,1560988799,3.66e-06,3.68e-06,3.65e-06,3.65e-06,2742708
1560988800,1560992399,3.65e-06,3.69e-06,3.66e-06,3.67e-06,2309466
1560992400,1560995999,3.67e-06,3.69e-06,3.67e-06,3.68e-06,102888
1560996000,1560999599,3.68e-06,3.67e-06,3.6e-06,3.65e-06,11312564
1560999600,1561003199,3.65e-06,3.64e-06,3.63e-06,3.64e-06,2209985
1561003200,1561006799,3.64e-06,3.66e-06,3.63e-06,3.65e-06,1203725
1561006800,1561010399,3.65e-06,3.65e-06,3.61e-06,3.63e-06,4157856
1561010400,1561013999,3.63e-06,3.64e-06,3.63e-06,3.63e-06,1113000
1561014000,1561017599,3.63e-06,3.64e-06,3.63e-06,3.63e-06,488552
1561017600,1561021199,3.63e-06,3.65e-06,3.63e-06,3.64e-06,869930
1561021200,1561024799,3.64e-06,3.64e-06,3.63e-06,3.63e-06,816052
1561024800,1561028399,3.63e-06,3.63e-06,3.6e-06,3.61e-06,1287172
1561028400,1561031999,3.61e-06,3.61e-06,3.58e-06,3.59e-06,960302
1561032000,1561035599,3.59e-06,3.61e-06,3.58e-06,3.61e-06,1056732
1561035600,1561039199,3.61e-06,3.61e-06,3.6e-06,3.6e-06,75762
1561039200,1561042799,3.6e-06,3.59e-06,3.55e-06,3.56e-06,1063102
1561042800,1561046399,3.56e-06,3.56e-06,3.54e-06,3.55e-06,1298365
1561046400,1561049999,3.55e-06,3.56e-06,3.53e-06,3.56e-06,997127
1561050000,1561053599,3.56e-06,3.58e-06,3.55e-06,3.57e-06,1651634
1561053600,1561057199,3.57e-06,3.57e-06,3.52e-06,3.53e-06,1596008
1561057200,1561060799,3.53e-06,3.54e-06,3.48e-06,3.5e-06,3576608
1561060800,1561064399,3.5e-06,3.52e-06,3.44e-06,3.48e-06,3635658
1561064400,1561067999,3.48e-06,3.48e-06,3.46e-06,3.48e-06,685297
1561068000,1561071599,3.48e-06,3.48e-06,3.46e-06,3.46e-06,669194
1561071600,1561075199,3.46e-06,3.49e-06,3.45e-06,3.48e-06,660492
1561075200,1561078799,3.48e-06,3.52e-06,3.48e-06,3.5e-06,106654
1561078800,1561082399,3.5e-06,3.55e-06,3.49e-06,3.51e-06,2782227
1561082400,1561085999,3.51e-06,3.51e-06,3.46e-06,3.47e-06,5838884
1561086000,1561089599,3.47e-06,3.48e-06,3.46e-06,3.46e-06,889773
1561089600,1561093199,3.46e-06,3.47e-06,3.45e-06,3.46e-06,611913
1561093200,1561096799,3.46e-06,3.5e-06,3.46e-06,3.5e-06,1291020
1561096800,1561100399,3.5e-06,3.52e-06,3.49e-06,3.51e-06,2918456
1561100400,1561103999,3.51e-06,3.51e-06,3.49e-06,3.49e-06,1995074
1561104000,1561107599,3.49e-06,3.5e-06,3.49e-06,3.49e-06,2293174
1561107600,1561111199,3.49e-06,3.5e-06,3.49e-06,3.49e-06,1402251
1561111200,1561114799,3.49e-06,3.53e-06,3.49e-06,3.52e-06,3151349
1561114800,1561118399,3.52e-06,3.51e-06,3.5e-06,3.5e-06,683558
1561118400,1561121999,3.5e-06,3.5e-06,3.47e-06,3.47e-06,753385
1561122000,1561125599,3.47e-06,3.48e-06,3.45e-06,3.46e-06,2454300
1561125600,1561129199,3.46e-06,3.46e-06,3.45e-06,3.45e-06,476669
1561129200,1561132799,3.45e-06,3.46e-06,3.42e-06,3.44e-06,3211173
1561132800,1561136399,3.44e-06,3.44e-06,3.42e-06,3.44e-06,1974953
1561136400,1561139999,3.44e-06,3.44e-06,3.43e-06,3.43e-06,174632
1561140000,1561143599,3.43e-06,3.44e-06,3.43e-06,3.44e-06,180916
1561143600,1561147199,3.44e-06,3.45e-06,3.43e-06,3.43e-06,1645560
1561147200,1561150799,3.43e-06,3.44e-06,3.42e-06,3.42e-06,515986
1561150800,1561154399,3.42e-06,3.42e-06,3.41e-06,3.41e-06,691583
1561154400,1561157999,3.41e-06,3.42e-06,3.41e-06,3.41e-06,435000
1561158000,1561161599,3.41e-06,3.41e-06,3.31e-06,3.33e-06,8493754
1561161600,1561165199,3.33e-06,3.38e-06,3.33e-06,3.37e-06,2719785
1561165200,1561168799,3.37e-06,3.39e-06,3.3e-06,3.3e-06,2582987
1561168800,1561172399,3.3e-06,3.32e-06,3.22e-06,3.28e-06,16927425
1561172400,1561175999,3.28e-06,3.32e-06,3.26e-06,3.28e-06,7246900
1561176000,1561179599,3.28e-06,3.32e-06,3.28e-06,3.31e-06,2011362
1561179600,1561183199,3.31e-06,3.32e-06,3.3e-06,3.32e-06,3543344
1561183200,1561186799,3.32e-06,3.31e-06,3.27e-06,3.27e-06,2380502
1561186800,1561190399,3.27e-06,3.31e-06,3.27e-06,3.31e-06,1448498
1561190400,1561193999,3.31e-06,3.31e-06,3.27e-06,3.27e-06,2358865
1561194000,1561197599,3.27e-06,3.29e-06,3.22e-06,3.24e-06,2602875
1561197600,1561201199,3.24e-06,3.25e-06,3.22e-06,3.23e-06,3158340
1561201200,1561204799,3.23e-06,3.28e-06,3.22e-06,3.28e-06,1324128
1561204800,1561208399,3.28e-06,3.28e-06,3.2e-06,3.24e-06,5769475
1561208400,1561211999,3.24e-06,3.4e-06,3.24e-06,3.33e-06,16916680
1561212000,1561215599,3.33e-06,3.5e-06,3.32e-06,3.46e-06,30264423
1561215600,1561219199,3.46e-06,3.46e-06,3.38e-06,3.39e-06,7832663
1561219200,1561222799,3.39e-06,3.42e-06,3.38e-06,3.41e-06,4645563
1561222800,1561226399,3.41e-06,3.5e-06,3.4e-06,3.5e-06,9316714
1561226400,1561229999,3.5e-06,3.55e-06,3.48e-06,3.52e-06,4630698
1561230000,1561233599,3.52e-06,3.54e-06,3.49e-06,3.51e-06,1478791
1561233600,1561237199,3.51e-06,3.53e-06,3.49e-06,3.53e-06,5115892
1561237200,1561240799,3.53e-06,3.56e-06,3.52e-06,3.56e-06,3204039
1561240800,1561244399,3.56e-06,3.58e-06,3.54e-06,3.54e-06,6173023
1561244400,1561247999,3.54e-06,3.57e-06,3.49e-06,3.57e-06,2443749
1561248000,1561251599,3.57e-06,3.59e-06,3.46e-06,3.53e-06,7844770
1561251600,1561255199,3.53e-06,3.55e-06,3.53e-06,3.54e-06,2573946
1561255200,1561258799,3.54e-06,3.55e-06,3.53e-06,3.53e-06,2940584
1561258800,1561262399,3.53e-06,3.55e-06,3.53e-06,3.54e-06,1732540
1561262400,1561265999,3.54e-06,3.55e-06,3.53e-06,3.55e-06,1446771
1561266000,1561269599,3.55e-06,3.55e-06,3.52e-06,3.53e-06,1293530
1561269600,1561273199,3.53e-06,3.53e-06,3.5e-06,3.51e-06,1009351
1561273200,1561276799,3.51e-06,3.51e-06,3.49e-06,3.49e-06,1362857
1561276800,1561280399,3.49e-06,3.51e-06,3.49e-06,3.51e-06,1669328
1561280400,1561283999,3.51e-06,3.51e-06,3.5e-06,3.51e-06,370651
1561284000,1561287599,3.51e-06,3.51e-06,3.5e-06,3.51e-06,2622901
1561287600,1561291199,3.51e-06,3.54e-06,3.51e-06,3.54e-06,1156415
1561291200,1561294799,3.54e-06,3.54e-06,3.51e-06,3.51e-06,10514982
1561294800,1561298399,3.51e-06,3.53e-06,3.51e-06,3.52e-06,1810689
1561298400,1561301999,3.52e-06,3.52e-06,3.49e-06,3.51e-06,1893995
1561302000,1561305599,3.51e-06,3.56e-06,3.51e-06,3.54e-06,4298770
1561305600,1561309199,3.54e-06,3.59e-06,3.54e-06,3.59e-06,8245795
1561309200,1561312799,3.59e-06,3.64e-06,3.58e-06,3.62e-06,10053146
1561312800,1561316399,3.62e-06,3.65e-06,3.6e-06,3.61e-06,6275899
1561316400,1561319999,3.61e-06,3.61e-06,3.5e-06,3.51e-06,13539814
1561320000,1561323599,3.51e-06,3.52e-06,3.46e-06,3.48e-06,8770455
1561323600,1561327199,3.48e-06,3.53e-06,3.46e-06,3.51e-06,6208204
1561327200,1561330799,3.51e-06,3.54e-06,3.51e-06,3.54e-06,1792793
1561330800,1561334399,3.54e-06,3.54e-06,3.5e-06,3.5e-06,1232562
1561334400,1561337999,3.5e-06,3.53e-06,3.48e-06,3.51e-06,7199047
1561338000,1561341599,3.51e-06,3.54e-06,3.51e-06,3.54e-06,2597722
1561341600,1561345199,3.54e-06,3.54e-06,3.53e-06,3.54e-06,1641540
1561345200,1561348799,3.54e-06,3.54e-06,3.51e-06,3.54e-06,3104589
1561348800,1561352399,3.54e-06,3.63e-06,3.54e-06,3.63e-06,6198469
1561352400,1561355999,3.63e-06,3.68e-06,3.6e-06,3.66e-06,9285681
1561356000,1561359599,3.66e-06,3.67e-06,3.6e-06,3.63e-06,4140545
1561359600,1561363199,3.63e-06,3.67e-06,3.62e-06,3.67e-06,652033
1561363200,1561366799,3.67e-06,3.69e-06,3.63e-06,3.65e-06,4511200
1561366800,1561370399,3.65e-06,3.65e-06,3.63e-06,3.63e-06,1693504
1561370400,1561373999,3.63e-06,3.64e-06,3.61e-06,3.64e-06,1020782
1561374000,1561377599,3.64e-06,3.64e-06,3.61e-06,3.63e-06,1397677
1561377600,1561381199,3.63e-06,3.65e-06,3.62e-06,3.64e-06,5077903
1561381200,1561384799,3.64e-06,3.7e-06,3.63e-06,3.65e-06,15613845
1561384800,1561388399,3.65e-06,3.66e-06,3.61e-06,3.61e-06,4268055
1561388400,1561391999,3.61e-06,3.61e-06,3.58e-06,3.59e-06,7783318
1561392000,1561395599,3.59e-06,3.6e-06,3.52e-06,3.54e-06,9633182
1561395600,1561399199,3.54e-06,3.55e-06,3.5e-06,3.5e-06,4406537
1561399200,1561402799,3.5e-06,3.51e-06,3.5e-06,3.51e-06,1505344
1561402800,1561406399,3.51e-06,3.58e-06,3.5e-06,3.55e-06,4869365
1561406400,1561409999,3.55e-06,3.56e-06,3.52e-06,3.56e-06,2599470
1561410000,1561413599,3.56e-06,3.56e-06,3.54e-06,3.55e-06,1251242
1561413600,1561417199,3.55e-06,3.55e-06,3.53e-06,3.53e-06,289714
1561417200,1561420799,3.53e-06,3.55e-06,3.51e-06,3.55e-06,1278804
1561420800,1561424399,3.55e-06,3.58e-06,3.54e-06,3.58e-06,3092518
1561424400,1561427999,3.58e-06,3.6e-06,3.56e-06,3.56e-06,2235374
1561428000,1561431599,3.56e-06,3.57e-06,3.51e-06,3.51e-06,6684838
1561431600,1561435199,3.51e-06,3.53e-06,3.49e-06,3.51e-06,4443992
1561435200,1561438799,3.51e-06,3.52e-06,3.48e-06,3.5e-06,7568607
1561438800,1561442399,3.5e-06,3.63e-06,3.47e-06,3.6e-06,19110895
1561442400,1561445999,3.6e-06,3.6e-06,3.53e-06,3.55e-06,5958110
1561446000,1561449599,3.55e-06,3.55e-06,3.51e-06,3.53e-06,2180943
1561449600,1561453199,3.53e-06,3.55e-06,3.52e-06,3.54e-06,6085011
1561453200,1561456799,3.54e-06,3.55e-06,3.49e-06,3.5e-06,6221498
1561456800,1561460399,3.5e-06,3.5e-06,3.47e-06,3.49e-06,2698968
1561460400,1561463999,3.49e-06,3.52e-06,3.48e-06,3.49e-06,2742422
1561464000,1561467599,3.49e-06,3.54e-06,3.46e-06,3.48e-06,6503570
1561467600,1561471199,3.48e-06,3.48e-06,3.46e-06,3.48e-06,448528
1561471200,1561474799,3.48e-06,3.49e-06,3.47e-06,3.49e-06,507264
1561474800,1561478399,3.49e-06,3.49e-06,3.44e-06,3.45e-06,3570651
1561478400,1561481999,3.45e-06,3.45e-06,3.34e-06,3.34e-06,21662712
1561482000,1561485599,3.34e-06,3.42e-06,3.34e-06,3.41e-06,5418071
1561485600,1561489199,3.41e-06,3.43e-06,3.38e-06,3.38e-06,7030450
1561489200,1561492799,3.38e-06,3.4e-06,3.37e-06,3.38e-06,470757
1561492800,1561496399,3.38e-06,3.37e-06,3.35e-06,3.37e-06,1764920
1561496400,1561499999,3.37e-06,3.4e-06,3.37e-06,3.38e-06,1025066
1561500000,1561503599,3.38e-06,3.38e-06,3.34e-06,3.37e-06,2261558
1561503600,1561507199,3.37e-06,3.37e-06,3.33e-06,3.34e-06,10774141
1561507200,1561510799,3.34e-06,3.35e-06,3.26e-06,3.28e-06,27422414
1561510800,1561514399,3.28e-06,3.31e-06,3.27e-06,3.31e-06,4070770
1561514400,1561517999,3.31e-06,3.32e-06,3.27e-06,3.29e-06,1949332
1561518000,1561521599,3.29e-06,3.33e-06,3.14e-06,3.27e-06,41276238
1561521600,1561525199,3.27e-06,3.28e-06,3.17e-06,3.21e-06,12435957
1561525200,1561528799,3.21e-06,3.22e-06,3.01e-06,3.13e-06,41297367
1561528800,1561532399,3.13e-06,3.14e-06,3.1e-06,3.1e-06,5703434
1561532400,1561535999,3.1e-06,3.15e-06,3.1e-06,3.15e-06,6185792
1561536000,1561539599,3.15e-06,3.16e-06,3.11e-06,3.13e-06,3665398
1561539600,1561543199,3.13e-06,3.2e-06,3.13e-06,3.2e-06,7728426
1561543200,1561546799,3.2e-06,3.21e-06,3.14e-06,3.15e-06,6715358
1561546800,1561550399,3.15e-06,3.16e-06,3.11e-06,3.16e-06,9448126
1561550400,1561553999,3.16e-06,3.21e-06,3.15e-06,3.15e-06,10143407
1561554000,1561557599,3.15e-06,3.15e-06,3.1e-06,3.1e-06,9022367
1561557600,1561561199,3.1e-06,3.12e-06,3.09e-06,3.12e-06,6053255
1561561200,1561564799,3.12e-06,3.16e-06,3.1e-06,3.12e-06,8012746
1561564800,1561568399,3.12e-06,3.13e-06,2.86e-06,2.89e-06,54247928
1561568400,1561571999,2.89e-06,2.96e-06,2.87e-06,2.94e-06,15410589
1561572000,1561575599,2.94e-06,2.95e-06,2.81e-06,2.85e-06,14927287
1561575600,1561579199,2.85e-06,2.88e-06,2.79e-06,2.81e-06,6046525
1561579200,1561582799,2.81e-06,3.06e-06,2.81e-06,2.92e-06,20337539
1561582800,1561586399,2.92e-06,3.08e-06,2.82e-06,2.91e-06,68583441
1561586400,1561589999,2.91e-06,2.97e-06,2.91e-06,2.94e-06,6847738
1561590000,1561593599,2.94e-06,2.95e-06,2.87e-06,2.87e-06,12483339
1561593600,1561597199,2.87e-06,2.89e-06,2.78e-06,2.82e-06,7535495
1561597200,1561600799,2.82e-06,2.87e-06,2.78e-06,2.86e-06,8104489
1561600800,1561604399,2.86e-06,2.9e-06,2.85e-06,2.86e-06,4026108
1561604400,1561607999,2.86e-06,2.9e-06,2.86e-06,2.89e-06,3764269
1561608000,1561611599,2.89e-06,2.88e-06,2.84e-06,2.88e-06,1708709
1561611600,1561615199,2.88e-06,2.95e-06,2.88e-06,2.94e-06,4562343
1561615200,1561618799,2.94e-06,2.98e-06,2.93e-06,2.94e-06,6110935
1561618800,1561622399,2.94e-06,2.98e-06,2.94e-06,2.97e-06,4128014
1561622400,1561625999,2.97e-06,2.97e-06,2.9e-06,2.97e-06,13067410
1561626000,1561629599,2.97e-06,3.04e-06,2.97e-06,3.02e-06,12950248
1561629600,1561633199,3.02e-06,3.02e-06,2.97e-06,3e-06,4291116
1561633200,1561636799,3e-06,3e-06,2.94e-06,2.97e-06,4445854
1561636800,1561640399,2.97e-06,2.98e-06,2.94e-06,2.97e-06,2656896
1561640400,1561643999,2.97e-06,2.99e-06,2.96e-06,2.99e-06,1365672
1561644000,1561647599,2.99e-06,2.99e-06,2.97e-06,2.98e-06,1865833
1561647600,1561651199,2.98e-06,3.02e-06,2.96e-06,3.01e-06,6897718
1561651200,1561654799,3.01e-06,3.02e-06,2.83e-06,2.89e-06,89497148
1561654800,1561658399,2.89e-06,2.92e-06,2.78e-06,2.84e-06,47519119
1561658400,1561661999,2.84e-06,2.88e-06,2.84e-06,2.88e-06,11454510
1561662000,1561665599,2.88e-06,2.94e-06,2.87e-06,2.92e-06,12171094
1561665600,1561669199,2.92e-06,2.97e-06,2.9e-06,2.95e-06,9343115
1561669200,1561672799,2.95e-06,2.99e-06,2.95e-06,2.96e-06,3793951
1561672800,1561676399,2.96e-06,2.96e-06,2.89e-06,2.89e-06,6870770
1561676400,1561679999,2.89e-06,2.91e-06,2.86e-06,2.89e-06,5005953
1561680000,1561683599,2.89e-06,2.91e-06,2.86e-06,2.86e-06,8952781
1561683600,1561687199,2.86e-06,2.91e-06,2.86e-06,2.89e-06,7466063
1561687200,1561690799,2.89e-06,2.94e-06,2.88e-06,2.93e-06,2429590
1561690800,1561694399,2.93e-06,2.95e-06,2.9e-06,2.93e-06,4656246
1561694400,1561697999,2.93e-06,2.96e-06,2.93e-06,2.94e-06,2006686
1561698000,1561701599,2.94e-06,2.97e-06,2.95e-06,2.95e-06,7087709
1561701600,1561705199,2.95e-06,2.95e-06,2.89e-06,2.91e-06,12469440
1561705200,1561708799,2.91e-06,2.91e-06,2.82e-06,2.86e-06,19220287
1561708800,1561712399,2.86e-06,2.9e-06,2.84e-06,2.85e-06,7784245
1561712400,1561715999,2.85e-06,2.86e-06,2.82e-06,2.82e-06,13760461
1561716000,1561719599,2.82e-06,2.84e-06,2.8e-06,2.84e-06,9807064
1561719600,1561723199,2.84e-06,2.84e-06,2.72e-06,2.74e-06,34100957
1561723200,1561726799,2.74e-06,2.86e-06,2.73e-06,2.84e-06,45811787
1561726800,1561730399,2.84e-06,2.87e-06,2.82e-06,2.82e-06,14402070
1561730400,1561733999,2.82e-06,2.85e-06,2.82e-06,2.85e-06,11492843
1561734000,1561737599,2.85e-06,2.85e-06,2.83e-06,2.83e-06,9970740
1561737600,1561741199,2.83e-06,2.84e-06,2.83e-06,2.84e-06,10349484
1561741200,1561744799,2.84e-06,2.86e-06,2.83e-06,2.84e-06,5541147
1561744800,1561748399,2.84e-06,2.85e-06,2.82e-06,2.82e-06,6335502
1561748400,1561751999,2.82e-06,2.83e-06,2.74e-06,2.75e-06,24592300
1561752000,1561755599,2.75e-06,2.78e-06,2.74e-06,2.77e-06,12950437
1561755600,1561759199,2.77e-06,2.77e-06,2.74e-06,2.75e-06,3218939
1561759200,1561762799,2.75e-06,2.79e-06,2.75e-06,2.77e-06,2073508
1561762800,1561766399,2.77e-06,2.78e-06,2.75e-06,2.78e-06,2238457
1561766400,1561769999,2.78e-06,2.8e-06,2.77e-06,2.78e-06,6402690
1561770000,1561773599,2.78e-06,2.81e-06,2.77e-06,2.8e-06,2086419
1561773600,1561777199,2.8e-06,2.86e-06,2.8e-06,2.85e-06,16904201
1561777200,1561780799,2.85e-06,2.88e-06,2.84e-06,2.87e-06,8973609
1561780800,1561784399,2.87e-06,2.88e-06,2.85e-06,2.86e-06,7777597
1561784400,1561787999,2.86e-06,2.94e-06,2.85e-06,2.93e-06,21699059
1561788000,1561791599,2.93e-06,2.93e-06,2.87e-06,2.88e-06,15398693
1561791600,1561795199,2.88e-06,2.89e-06,2.87e-06,2.87e-06,2537502
1561795200,1561798799,2.87e-06,2.92e-06,2.87e-06,2.9e-06,7984885
1561798800,1561802399,2.9e-06,2.91e-06,2.88e-06,2.9e-06,9842577
1561802400,1561805999,2.9e-06,2.92e-06,2.9e-06,2.91e-06,16011666
1561806000,1561809599,2.91e-06,2.91e-06,2.87e-06,2.88e-06,9689757
1561809600,1561813199,2.88e-06,2.88e-06,2.84e-06,2.86e-06,8556693
1561813200,1561816799,2.86e-06,2.89e-06,2.83e-06,2.88e-06,8242176
1561816800,1561820399,2.88e-06,2.91e-06,2.87e-06,2.9e-06,16843820
1561820400,1561823999,2.9e-06,2.97e-06,2.89e-06,2.95e-06,21962526
1561824000,1561827599,2.95e-06,3.01e-06,2.94e-06,2.99e-06,46499634
1561827600,1561831199,2.99e-06,3.06e-06,2.98e-06,2.98e-06,51280751
1561831200,1561834799,2.98e-06,3.01e-06,2.95e-06,2.97e-06,32710196
1561834800,1561838399,2.97e-06,3e-06,2.94e-06,2.98e-06,17438576
1561838400,1561841999,2.98e-06,2.98e-06,2.91e-06,2.91e-06,13140262
1561842000,1561845599,2.91e-06,2.98e-06,2.89e-06,2.96e-06,18203868
1561845600,1561849199,2.96e-06,2.97e-06,2.95e-06,2.96e-06,6061291
1561849200,1561852799,2.96e-06,3.04e-06,2.96e-06,3.01e-06,15211130
1561852800,1561856399,3.01e-06,3.03e-06,2.95e-06,2.96e-06,15220042
1561856400,1561859999,2.96e-06,2.97e-06,2.94e-06,2.95e-06,4409145
1561860000,1561863599,2.95e-06,2.96e-06,2.94e-06,2.94e-06,4134265
1561863600,1561867199,2.94e-06,2.95e-06,2.91e-06,2.92e-06,14722515
1561867200,1561870799,2.92e-06,2.94e-06,2.91e-06,2.93e-06,3162280
1561870800,1561874399,2.93e-06,2.95e-06,2.92e-06,2.94e-06,6956403
1561874400,1561877999,2.94e-06,2.98e-06,2.93e-06,2.98e-06,7150337
1561878000,1561881599,2.98e-06,2.98e-06,2.96e-06,2.97e-06,12084789
1561881600,1561885199,2.97e-06,2.98e-06,2.96e-06,2.98e-06,3682668
1561885200,1561888799,2.98e-06,3.01e-06,2.97e-06,3.01e-06,18478086
1561888800,1561892399,3.01e-06,3.03e-06,3e-06,3.01e-06,21078674
1561892400,1561895999,3.01e-06,3.05e-06,3.01e-06,3.05e-06,20729381
1561896000,1561899599,3.05e-06,3.11e-06,3.04e-06,3.08e-06,33924139
1561899600,1561903199,3.08e-06,3.13e-06,3.05e-06,3.08e-06,49619089
1561903200,1561906799,3.08e-06,3.09e-06,3.05e-06,3.08e-06,20063319
1561906800,1561910399,3.08e-06,3.07e-06,3.05e-06,3.07e-06,5679166
1561910400,1561913999,3.07e-06,3.09e-06,3.02e-06,3.02e-06,26127188
1561914000,1561917599,3.02e-06,3.05e-06,3.01e-06,3.02e-06,9638484
1561917600,1561921199,3.02e-06,3.03e-06,2.99e-06,3.01e-06,7702044
1561921200,1561924799,3.01e-06,3.03e-06,3.01e-06,3.02e-06,3114565
1561924800,1561928399,3.02e-06,3.03e-06,2.97e-06,2.98e-06,9443460
1561928400,1561931999,2.98e-06,2.99e-06,2.94e-06,2.98e-06,9644852
1561932000,1561935599,2.98e-06,3.02e-06,2.98e-06,3.01e-06,6809307
1561935600,1561939199,3.01e-06,3.03e-06,3e-06,3.01e-06,9116749
1561939200,1561942799,3.01e-06,3.04e-06,2.99e-06,3.01e-06,8293812
1561942800,1561946399,3.01e-06,3.06e-06,3.01e-06,3.06e-06,7581258
1561946400,1561949999,3.06e-06,3.08e-06,3.06e-06,3.07e-06,4094248
1561950000,1561953599,3.07e-06,3.07e-06,3.03e-06,3.04e-06,6432105
1561953600,1561957199,3.04e-06,3.04e-06,3.02e-06,3.04e-06,2325398
1561957200,1561960799,3.04e-06,3.05e-06,3.01e-06,3.02e-06,11294662
1561960800,1561964399,3.02e-06,3.05e-06,3.01e-06,3.03e-06,14803795
1561964400,1561967999,3.03e-06,3.03e-06,3e-06,3.02e-06,17908483
1561968000,1561971599,3.02e-06,3.03e-06,2.98e-06,2.98e-06,27071240
1561971600,1561975199,2.98e-06,3.01e-06,2.98e-06,2.99e-06,6408984
1561975200,1561978799,2.99e-06,3.03e-06,2.99e-06,3.01e-06,18000181
1561978800,1561982399,3.01e-06,3.02e-06,3.01e-06,3.02e-06,3038038
1561982400,1561985999,3.02e-06,3.05e-06,3.01e-06,3.04e-06,15733825
1561986000,1561989599,3.04e-06,3.07e-06,3.03e-06,3.07e-06,14132186
1561989600,1561993199,3.07e-06,3.1e-06,3.06e-06,3.09e-06,14393739
1561993200,1561996799,3.09e-06,3.13e-06,3.08e-06,3.12e-06,20724466
1561996800,1562000399,3.12e-06,3.15e-06,3.11e-06,3.11e-06,18439194
1562000400,1562003999,3.11e-06,3.15e-06,3.1e-06,3.14e-06,11785364
1562004000,1562007599,3.14e-06,3.18e-06,3.11e-06,3.12e-06,17990183
1562007600,1562011199,3.12e-06,3.17e-06,3.11e-06,3.13e-06,8946244
1562011200,1562014799,3.13e-06,3.15e-06,3.1e-06,3.1e-06,8458367
1562014800,1562018399,3.1e-06,3.13e-06,3.08e-06,3.08e-06,4709724
1562018400,1562021999,3.08e-06,3.13e-06,3.08e-06,3.13e-06,6154838
1562022000,1562025599,3.13e-06,3.15e-06,3.12e-06,3.14e-06,3987422
1562025600,1562029199,3.14e-06,3.16e-06,3.14e-06,3.15e-06,6579012
1562029200,1562032799,3.15e-06,3.19e-06,3.15e-06,3.16e-06,2733816
1562032800,1562036399,3.16e-06,3.18e-06,3.14e-06,3.17e-06,17986084
1562036400,1562039999,3.17e-06,3.18e-06,3.15e-06,3.18e-06,3725618
1562040000,1562043599,3.18e-06,3.22e-06,3.18e-06,3.21e-06,12172310
1562043600,1562047199,3.21e-06,3.23e-06,3.18e-06,3.19e-06,9279017
1562047200,1562050799,3.19e-06,3.21e-06,3.18e-06,3.21e-06,7847964
1562050800,1562054399,3.21e-06,3.22e-06,3.18e-06,3.21e-06,13092430
1562054400,1562057999,3.21e-06,3.23e-06,3.14e-06,3.15e-06,19243704
1562058000,1562061599,3.15e-06,3.17e-06,3.13e-06,3.14e-06,15628648
1562061600,1562065199,3.14e-06,3.19e-06,3.12e-06,3.16e-06,27766522
1562065200,1562068799,3.16e-06,3.2e-06,3.12e-06,3.16e-06,28352982
1562068800,1562072399,3.16e-06,3.16e-06,3.12e-06,3.15e-06,7157448
1562072400,1562075999,3.15e-06,3.18e-06,3.14e-06,3.17e-06,8622797
1562076000,1562079599,3.17e-06,3.17e-06,3.05e-06,3.06e-06,39545551
1562079600,1562083199,3.06e-06,3.07e-06,3.02e-06,3.03e-06,14849738
1562083200,1562086799,3.03e-06,3.07e-06,3.02e-06,3.07e-06,6459839
1562086800,1562090399,3.07e-06,3.07e-06,3.01e-06,3.01e-06,9740630
1562090400,1562093999,3.01e-06,3.04e-06,3.01e-06,3.02e-06,4223198
1562094000,1562097599,3.02e-06,3.02e-06,3e-06,3.01e-06,4878609
1562097600,1562101199,3.01e-06,3.01e-06,2.98e-06,3.01e-06,7077549
1562101200,1562104799,3.01e-06,3.04e-06,3e-06,3.04e-06,3778583
1562104800,1562108399,3.04e-06,3.04e-06,3.01e-06,3.03e-06,2219372
1562108400,1562111999,3.03e-06,3.04e-06,2.99e-06,3e-06,7760952
1562112000,1562115599,3e-06,2.99e-06,2.91e-06,2.91e-06,14523636
1562115600,1562119199,2.91e-06,2.92e-06,2.89e-06,2.91e-06,17144999
